campaign_id,platform,influencer_category,campaign_type,start_date,engagements,estimated_reach,product_sales,campaign_duration_days,end_date
CMP1001,Instagram,Macro,Product Launch,2025-04-13,12313,161707,259,26,2025-05-09
CMP1002,Instagram,Mid-tier,Product Launch,2026-03-12,10490,85289,424,54,2026-05-05
CMP1003,Instagram,Mid-tier,Sponsored Post,2025-09-28,6283,79264,170,31,2025-10-29
CMP1004,Instagram,Macro,Product Launch,2025-04-17,14139,195065,420,28,2025-05-15
CMP1005,Instagram,Mid-tier,Giveaway,2025-03-13,8760,67044,109,19,2025-04-01
CMP1006,Instagram,Mid-tier,Sponsored Post,2025-01-21,8602,94872,157,25,2025-02-15
CMP1007,YouTube,Mega,Brand Awareness,2025-05-02,20938,602087,465,55,2025-06-26
CMP1008,Instagram,Micro,Product Launch,2026-04-12,3410,31990,97,42,2026-05-24
CMP1009,YouTube,Micro,Product Launch,2025-08-03,1694,25828,32,18,2025-08-21
CMP1010,YouTube,Mid-tier,Sponsored Post,2025-11-27,7221,116978,143,47,2026-01-13
CMP1011,Instagram,Mega,Sponsored Post,2026-04-04,30199,627416,643,25,2026-04-29
CMP1012,YouTube,Micro,Sponsored Post,2025-03-29,1686,30375,27,18,2025-04-16
CMP1013,Instagram,Micro,Product Launch,2026-01-08,2608,22506,75,15,2026-01-23
CMP1014,Instagram,Micro,Sponsored Post,2025-04-10,2387,26132,55,13,2025-04-23
CMP1015,Instagram,Micro,Sponsored Post,2025-05-11,2596,29905,45,34,2025-06-14
CMP1016,YouTube,Micro,Giveaway,2025-11-05,1996,24332,28,20,2025-11-25
CMP1017,YouTube,Mid-tier,Sponsored Post,2025-12-10,6039,103953,131,37,2026-01-16
CMP1018,Instagram,Mid-tier,Sponsored Post,2026-05-07,5479,67647,118,58,2026-07-04
CMP1019,Instagram,Micro,Giveaway,2026-02-18,2646,21378,29,25,2026-03-15
CMP1020,Instagram,Mid-tier,Brand Awareness,2026-01-21,6569,94501,114,53,2026-03-15
CMP1021,YouTube,Micro,Brand Awareness,2025-07-11,1279,25700,23,22,2025-08-02
CMP1022,Instagram,Micro,Product Launch,2025-10-04,3844,32089,136,59,2025-12-02
CMP1023,Instagram,Mid-tier,Giveaway,2025-06-10,6992,62127,110,11,2025-06-21
CMP1024,Instagram,Macro,Brand Awareness,2026-04-05,13512,243008,228,41,2026-05-16
CMP1025,Instagram,Micro,Sponsored Post,2025-11-10,1978,20402,21,18,2025-11-28
CMP1026,YouTube,Mid-tier,Sponsored Post,2025-01-22,4509,80136,107,31,2025-02-22
CMP1027,Instagram,Micro,Sponsored Post,2025-09-10,3280,37748,73,58,2025-11-07
CMP1028,YouTube,Macro,Product Launch,2026-04-20,8577,228561,273,27,2026-05-17
CMP1029,Instagram,Macro,Brand Awareness,2025-02-28,19901,249424,443,42,2025-04-11
CMP1030,YouTube,Mid-tier,Product Launch,2026-05-26,6570,144390,257,59,2026-07-24
CMP1031,Instagram,Micro,Giveaway,2026-04-21,3004,24896,35,29,2026-05-20
CMP1032,Instagram,Mega,Sponsored Post,2025-07-09,21845,392695,548,22,2025-07-31
CMP1033,YouTube,Micro,Sponsored Post,2025-09-01,1826,33660,45,45,2025-10-16
CMP1034,YouTube,Micro,Brand Awareness,2026-05-20,2161,42175,28,51,2026-07-10
CMP1035,YouTube,Mid-tier,Sponsored Post,2025-05-11,6455,121300,114,59,2025-07-09
CMP1036,Instagram,Micro,Sponsored Post,2026-04-30,1479,22898,32,48,2026-06-17
CMP1037,YouTube,Mega,Brand Awareness,2025-01-21,18902,759156,386,45,2025-03-07
CMP1038,Instagram,Macro,Sponsored Post,2025-06-16,14182,208901,323,20,2025-07-06
CMP1039,YouTube,Micro,Brand Awareness,2025-10-01,1502,30643,21,37,2025-11-07
CMP1040,Instagram,Mid-tier,Brand Awareness,2026-01-23,5274,68339,75,11,2026-02-03
CMP1041,YouTube,Mega,Giveaway,2025-11-12,31422,697721,497,41,2025-12-23
CMP1042,YouTube,Macro,Brand Awareness,2025-01-14,6611,244766,162,29,2025-02-12
CMP1043,YouTube,Mid-tier,Giveaway,2025-08-30,6030,77420,88,35,2025-10-04
CMP1044,Instagram,Mega,Giveaway,2025-12-12,45698,670279,612,49,2026-01-30
CMP1045,Instagram,Mega,Brand Awareness,2025-12-06,21432,486092,486,17,2025-12-23
CMP1046,YouTube,Macro,Brand Awareness,2025-04-02,10105,264061,179,24,2025-04-26
CMP1047,Instagram,Micro,Brand Awareness,2026-01-02,3212,36725,49,53,2026-02-24
CMP1048,YouTube,Mid-tier,Giveaway,2026-03-31,7432,96243,97,18,2026-04-18
CMP1049,YouTube,Macro,Brand Awareness,2026-03-04,9473,245554,143,15,2026-03-19
CMP1050,Instagram,Micro,Brand Awareness,2026-05-24,1375,13858,21,16,2026-06-09
CMP1051,YouTube,Macro,Product Launch,2025-02-04,14236,357451,300,50,2025-03-26
CMP1052,Instagram,Micro,Giveaway,2025-07-25,3000,23273,36,23,2025-08-17
CMP1053,YouTube,Micro,Product Launch,2025-03-22,1945,36099,54,44,2025-05-05
CMP1054,YouTube,Mid-tier,Giveaway,2026-01-23,5653,83536,87,13,2026-02-05
CMP1055,Instagram,Micro,Sponsored Post,2025-01-02,3034,32851,65,52,2025-02-23
CMP1056,Instagram,Mega,Brand Awareness,2026-01-25,25376,521455,395,19,2026-02-13
CMP1057,YouTube,Macro,Brand Awareness,2025-04-16,11712,320530,258,46,2025-06-01
CMP1058,Instagram,Macro,Sponsored Post,2026-04-22,18814,254377,400,48,2026-06-09
CMP1059,YouTube,Mid-tier,Sponsored Post,2026-02-06,3294,84130,48,15,2026-02-21
CMP1060,Instagram,Micro,Sponsored Post,2025-06-11,1155,13957,27,56,2025-08-06
CMP1061,Instagram,Mid-tier,Sponsored Post,2025-07-21,6011,73247,130,33,2025-08-23
CMP1062,Instagram,Mid-tier,Product Launch,2025-09-27,4006,51199,182,8,2025-10-05
CMP1063,Instagram,Mid-tier,Product Launch,2025-09-28,6908,74321,238,11,2025-10-09
CMP1064,Instagram,Micro,Brand Awareness,2026-04-01,2407,28092,40,35,2026-05-06
CMP1065,YouTube,Mid-tier,Product Launch,2026-04-07,4378,96585,100,43,2026-05-20
CMP1066,Instagram,Mid-tier,Brand Awareness,2025-09-09,4878,79230,93,44,2025-10-23
CMP1067,Instagram,Mega,Brand Awareness,2025-10-23,14354,438499,392,25,2025-11-17
CMP1068,Instagram,Macro,Brand Awareness,2025-12-04,8550,163656,170,14,2025-12-18
CMP1069,Instagram,Mid-tier,Giveaway,2025-02-22,7776,69690,87,54,2025-04-17
CMP1070,Instagram,Mid-tier,Giveaway,2025-08-05,7397,65094,107,51,2025-09-25
CMP1071,YouTube,Macro,Brand Awareness,2025-07-07,7808,204195,132,7,2025-07-14
CMP1072,YouTube,Micro,Sponsored Post,2026-01-15,1781,35232,38,28,2026-02-12
CMP1073,Instagram,Macro,Brand Awareness,2026-05-08,14405,232514,243,58,2026-07-05
CMP1074,YouTube,Macro,Sponsored Post,2025-02-10,10685,250866,208,23,2025-03-05
CMP1075,YouTube,Mid-tier,Product Launch,2025-06-06,4112,88812,103,13,2025-06-19
CMP1076,Instagram,Mid-tier,Sponsored Post,2025-01-15,5320,63466,143,31,2025-02-15
CMP1077,YouTube,Micro,Giveaway,2025-03-06,2980,36154,31,51,2025-04-26
CMP1078,YouTube,Mid-tier,Brand Awareness,2026-06-05,2933,68788,44,10,2026-06-15
CMP1079,Instagram,Micro,Product Launch,2025-12-10,4066,34029,105,42,2026-01-21
CMP1080,Instagram,Macro,Brand Awareness,2025-05-09,12511,214499,247,12,2025-05-21
CMP1081,YouTube,Micro,Product Launch,2026-04-17,1529,27331,42,37,2026-05-24
CMP1082,YouTube,Micro,Product Launch,2025-03-04,2098,31056,49,25,2025-03-29
CMP1083,Instagram,Mega,Giveaway,2025-05-19,62158,674390,744,50,2025-07-08
CMP1084,YouTube,Macro,Brand Awareness,2026-05-14,13799,366274,316,60,2026-07-13
CMP1085,YouTube,Micro,Giveaway,2026-01-27,2886,35102,22,45,2026-03-13
CMP1086,YouTube,Micro,Sponsored Post,2026-02-23,1995,37976,43,33,2026-03-28
CMP1087,YouTube,Micro,Brand Awareness,2025-10-16,995,22939,20,16,2025-11-01
CMP1088,YouTube,Macro,Giveaway,2026-01-14,13792,246916,69,32,2026-02-15
CMP1089,Instagram,Micro,Product Launch,2026-05-05,2201,20114,79,25,2026-05-30
CMP1090,Instagram,Mid-tier,Giveaway,2025-08-19,10121,95304,130,45,2025-10-03
CMP1091,YouTube,Mega,Brand Awareness,2025-02-10,14582,452120,278,9,2025-02-19
CMP1092,YouTube,Micro,Sponsored Post,2025-01-28,1816,35276,34,51,2025-03-20
CMP1093,Instagram,Macro,Sponsored Post,2025-05-15,12060,202404,348,19,2025-06-03
CMP1094,YouTube,Mega,Brand Awareness,2025-07-20,28371,836458,540,56,2025-09-14
CMP1095,YouTube,Micro,Product Launch,2025-02-02,1942,27082,50,34,2025-03-08
CMP1096,Instagram,Macro,Sponsored Post,2025-02-17,14249,230072,287,26,2025-03-15
CMP1097,YouTube,Mid-tier,Sponsored Post,2026-05-18,6290,103858,161,34,2026-06-21
CMP1098,YouTube,Mega,Product Launch,2026-02-11,15183,434633,440,14,2026-02-25
CMP1099,YouTube,Mid-tier,Brand Awareness,2025-04-09,3899,84683,88,47,2025-05-26
CMP1100,Instagram,Mid-tier,Sponsored Post,2026-04-07,6893,84486,214,45,2026-05-22
CMP1101,Instagram,Mid-tier,Product Launch,2025-01-05,6684,67729,143,7,2025-01-12
CMP1102,Instagram,Macro,Sponsored Post,2025-08-06,13242,189487,275,9,2025-08-15
CMP1103,Instagram,Macro,Brand Awareness,2026-05-18,12496,194697,182,19,2026-06-06
CMP1104,Instagram,Mid-tier,Product Launch,2026-02-02,6255,78043,199,34,2026-03-08
CMP1105,Instagram,Macro,Sponsored Post,2026-01-28,14192,269388,363,55,2026-03-24
CMP1106,Instagram,Micro,Brand Awareness,2025-07-26,2111,21316,36,31,2025-08-26
CMP1107,Instagram,Micro,Brand Awareness,2025-01-15,2689,33556,55,39,2025-02-23
CMP1108,Instagram,Micro,Product Launch,2026-04-06,3638,34870,145,44,2026-05-20
CMP1109,Instagram,Micro,Product Launch,2025-08-29,3596,32853,132,59,2025-10-27
CMP1110,Instagram,Micro,Giveaway,2025-04-06,3258,21242,37,12,2025-04-18
CMP1111,YouTube,Mega,Brand Awareness,2026-04-30,20470,672604,329,50,2026-06-19
CMP1112,YouTube,Micro,Giveaway,2026-02-11,2834,39338,33,51,2026-04-03
CMP1113,Instagram,Macro,Sponsored Post,2025-08-19,12219,194243,315,38,2025-09-26
CMP1114,YouTube,Micro,Giveaway,2025-06-20,1766,23366,20,51,2025-08-10
CMP1115,Instagram,Macro,Product Launch,2026-06-25,9255,138833,230,53,2026-08-17
CMP1116,YouTube,Mega,Brand Awareness,2025-02-05,15546,519585,329,27,2025-03-04
CMP1117,Instagram,Mid-tier,Sponsored Post,2026-06-09,5839,71259,125,22,2026-07-01
CMP1118,YouTube,Macro,Sponsored Post,2025-06-09,16690,339630,310,60,2025-08-08
CMP1119,YouTube,Micro,Brand Awareness,2025-08-31,1406,27470,21,27,2025-09-27
CMP1120,YouTube,Macro,Product Launch,2025-03-27,7852,230873,219,17,2025-04-13
CMP1121,YouTube,Micro,Brand Awareness,2025-01-28,2274,32613,30,43,2025-03-12
CMP1122,Instagram,Mega,Giveaway,2025-12-06,37285,454869,403,42,2026-01-17
CMP1123,Instagram,Micro,Sponsored Post,2025-11-27,3172,26625,69,41,2026-01-07
CMP1124,YouTube,Mid-tier,Giveaway,2026-05-21,5734,101000,82,25,2026-06-15
CMP1125,Instagram,Macro,Sponsored Post,2025-12-14,10932,166759,273,26,2026-01-09
CMP1126,YouTube,Micro,Sponsored Post,2026-04-18,1502,24558,34,24,2026-05-12
CMP1127,Instagram,Micro,Product Launch,2025-08-19,2742,24410,74,53,2025-10-11
CMP1128,Instagram,Micro,Brand Awareness,2025-07-09,1743,19429,23,47,2025-08-25
CMP1129,Instagram,Micro,Product Launch,2025-08-13,2068,27584,64,55,2025-10-07
CMP1130,Instagram,Mid-tier,Product Launch,2026-01-20,5459,75992,158,20,2026-02-09
CMP1131,YouTube,Micro,Sponsored Post,2026-01-12,1950,28954,33,21,2026-02-02
CMP1132,Instagram,Mid-tier,Brand Awareness,2025-10-10,7157,77269,124,37,2025-11-16
CMP1133,Instagram,Micro,Brand Awareness,2025-09-16,1694,19915,26,7,2025-09-23
CMP1134,Instagram,Macro,Product Launch,2025-12-25,21080,236156,520,59,2026-02-22
CMP1135,Instagram,Micro,Brand Awareness,2026-04-01,1594,21311,25,60,2026-05-31
CMP1136,YouTube,Micro,Product Launch,2026-02-15,2460,43553,68,60,2026-04-16
CMP1137,Instagram,Micro,Product Launch,2025-11-14,2102,23362,75,9,2025-11-23
CMP1138,YouTube,Mid-tier,Giveaway,2025-08-13,4564,76776,64,22,2025-09-04
CMP1139,Instagram,Macro,Product Launch,2025-08-22,16319,197320,563,29,2025-09-20
CMP1140,YouTube,Mid-tier,Giveaway,2026-01-09,4725,79636,57,17,2026-01-26
CMP1141,YouTube,Micro,Product Launch,2026-04-17,2351,28898,63,18,2026-05-05
CMP1142,YouTube,Macro,Product Launch,2025-08-21,13649,283931,365,16,2025-09-06
CMP1143,YouTube,Macro,Product Launch,2025-04-23,16751,323660,454,38,2025-05-31
CMP1144,Instagram,Micro,Giveaway,2026-05-12,2878,21380,31,22,2026-06-03
CMP1145,Instagram,Macro,Giveaway,2026-03-18,20090,190406,271,14,2026-04-01
CMP1146,Instagram,Mega,Brand Awareness,2025-09-25,29110,660479,612,44,2025-11-08
CMP1147,Instagram,Micro,Brand Awareness,2026-05-25,2389,23318,42,18,2026-06-12
CMP1148,YouTube,Macro,Giveaway,2026-01-21,14187,254808,139,30,2026-02-20
CMP1149,YouTube,Macro,Product Launch,2026-01-22,14846,282839,400,34,2026-02-25
CMP1150,Instagram,Mid-tier,Brand Awareness,2025-04-23,5144,83370,69,59,2025-06-21
CMP1151,Instagram,Micro,Sponsored Post,2025-03-22,1837,19149,43,14,2025-04-05
CMP1152,Instagram,Micro,Giveaway,2025-04-23,2712,21029,31,34,2025-05-27
CMP1153,YouTube,Macro,Brand Awareness,2025-01-02,10136,295855,236,42,2025-02-13
CMP1154,YouTube,Mega,Sponsored Post,2025-08-08,20559,609706,471,32,2025-09-09
CMP1155,Instagram,Macro,Sponsored Post,2025-08-13,12324,152126,326,14,2025-08-27
CMP1156,YouTube,Mid-tier,Product Launch,2026-01-20,5644,111930,208,56,2026-03-17
CMP1157,YouTube,Mid-tier,Giveaway,2026-02-07,7825,104079,77,34,2026-03-13
CMP1158,Instagram,Mid-tier,Giveaway,2025-05-10,9616,101164,141,34,2025-06-13
CMP1159,YouTube,Mid-tier,Brand Awareness,2025-02-22,7027,121102,82,43,2025-04-06
CMP1160,YouTube,Micro,Brand Awareness,2026-02-20,1273,22329,20,47,2026-04-08
CMP1161,Instagram,Macro,Brand Awareness,2025-09-04,17808,234238,406,42,2025-10-16
CMP1162,Instagram,Mid-tier,Giveaway,2026-03-15,11425,94339,132,33,2026-04-17
CMP1163,Instagram,Macro,Brand Awareness,2025-07-22,13232,202773,198,60,2025-09-20
CMP1164,Instagram,Micro,Sponsored Post,2025-07-03,2585,24995,57,23,2025-07-26
CMP1165,YouTube,Micro,Giveaway,2025-05-03,1905,25545,30,15,2025-05-18
CMP1166,YouTube,Micro,Product Launch,2026-02-05,1946,39109,59,39,2026-03-16
CMP1167,Instagram,Mid-tier,Giveaway,2025-10-21,11787,100016,129,59,2025-12-19
CMP1168,Instagram,Mega,Product Launch,2025-10-07,22117,405514,937,26,2025-11-02
CMP1169,Instagram,Micro,Giveaway,2025-07-17,2320,21394,22,19,2025-08-05
CMP1170,Instagram,Macro,Giveaway,2026-05-26,20365,206412,382,34,2026-06-29
CMP1171,YouTube,Mid-tier,Product Launch,2025-05-24,5934,111067,181,54,2025-07-17
CMP1172,Instagram,Macro,Brand Awareness,2025-07-20,17680,251144,409,35,2025-08-24
CMP1173,Instagram,Micro,Product Launch,2025-05-04,1802,19124,40,19,2025-05-23
CMP1174,Instagram,Macro,Product Launch,2025-07-06,20064,282695,672,52,2025-08-27
CMP1175,YouTube,Macro,Brand Awareness,2025-11-22,11403,266221,182,41,2026-01-02
CMP1176,Instagram,Micro,Brand Awareness,2026-04-09,1906,21328,26,12,2026-04-21
CMP1177,YouTube,Micro,Sponsored Post,2025-12-15,1332,29316,21,24,2026-01-08
CMP1178,Instagram,Macro,Brand Awareness,2026-02-07,16156,251719,316,57,2026-04-05
CMP1179,YouTube,Mega,Brand Awareness,2025-12-12,18069,508291,351,11,2025-12-23
CMP1180,YouTube,Micro,Giveaway,2026-05-26,3233,45393,47,53,2026-07-18
CMP1181,Instagram,Macro,Product Launch,2025-05-27,19028,233540,555,31,2025-06-27
CMP1182,Instagram,Mega,Sponsored Post,2025-05-28,17854,371662,439,8,2025-06-05
CMP1183,YouTube,Macro,Giveaway,2026-05-04,15042,280100,146,16,2026-05-20
CMP1184,YouTube,Mega,Sponsored Post,2025-12-04,24884,672721,692,36,2026-01-09
CMP1185,Instagram,Macro,Product Launch,2026-04-18,20617,265151,672,56,2026-06-13
CMP1186,Instagram,Mid-tier,Brand Awareness,2025-05-31,6805,76782,129,51,2025-07-21
CMP1187,YouTube,Micro,Brand Awareness,2026-02-19,1280,23443,22,11,2026-03-02
CMP1188,YouTube,Micro,Sponsored Post,2025-10-25,2130,29391,50,39,2025-12-03
CMP1189,Instagram,Macro,Product Launch,2025-09-20,15751,261553,444,60,2025-11-19
CMP1190,YouTube,Macro,Brand Awareness,2025-05-24,8111,224023,159,7,2025-05-31
CMP1191,Instagram,Micro,Sponsored Post,2025-12-12,1977,24546,45,24,2026-01-05
CMP1192,Instagram,Macro,Brand Awareness,2025-01-02,14762,273893,379,38,2025-02-09
CMP1193,Instagram,Macro,Brand Awareness,2025-10-31,11363,210543,180,53,2025-12-23
CMP1194,Instagram,Mid-tier,Product Launch,2025-09-11,8778,92978,336,55,2025-11-05
CMP1195,Instagram,Mid-tier,Sponsored Post,2026-03-29,4469,52627,109,17,2026-04-15
CMP1196,YouTube,Mid-tier,Product Launch,2025-02-06,4541,77599,125,27,2025-03-05
CMP1197,Instagram,Micro,Giveaway,2025-06-09,3237,29953,44,32,2025-07-11
CMP1198,Instagram,Micro,Sponsored Post,2025-01-09,2053,22866,58,31,2025-02-09
CMP1199,Instagram,Micro,Product Launch,2025-08-21,1925,20957,64,28,2025-09-18
CMP1200,Instagram,Micro,Giveaway,2025-04-09,2351,16564,22,33,2025-05-12
CMP1201,YouTube,Mid-tier,Product Launch,2025-07-27,4881,99273,160,55,2025-09-20
CMP1202,Instagram,Mid-tier,Product Launch,2025-05-11,5868,65322,221,19,2025-05-30
CMP1203,Instagram,Micro,Sponsored Post,2026-02-08,2080,20685,52,39,2026-03-19
CMP1204,YouTube,Macro,Sponsored Post,2025-06-01,9905,265832,171,40,2025-07-11
CMP1205,Instagram,Micro,Giveaway,2025-02-23,4674,33875,49,47,2025-04-11
CMP1206,Instagram,Mega,Brand Awareness,2025-04-30,28574,476335,344,41,2025-06-10
CMP1207,Instagram,Mega,Product Launch,2026-02-24,20533,331337,734,7,2026-03-03
CMP1208,Instagram,Micro,Product Launch,2026-02-26,2293,19546,54,27,2026-03-25
CMP1209,Instagram,Mid-tier,Product Launch,2025-04-14,5000,74082,113,54,2025-06-07
CMP1210,Instagram,Micro,Product Launch,2025-09-11,2217,22357,86,12,2025-09-23
CMP1211,YouTube,Mid-tier,Brand Awareness,2025-08-15,4549,97554,82,34,2025-09-18
CMP1212,Instagram,Mid-tier,Brand Awareness,2025-04-22,5301,80924,89,23,2025-05-15
CMP1213,Instagram,Micro,Brand Awareness,2026-05-25,2388,26961,39,11,2026-06-05
CMP1214,YouTube,Mid-tier,Product Launch,2026-04-18,4428,70201,65,37,2026-05-25
CMP1215,Instagram,Micro,Brand Awareness,2025-04-09,1409,21615,29,11,2025-04-20
CMP1216,YouTube,Micro,Sponsored Post,2025-06-02,1342,28227,24,44,2025-07-16
CMP1217,YouTube,Mid-tier,Product Launch,2025-12-04,4870,85790,135,9,2025-12-13
CMP1218,Instagram,Micro,Sponsored Post,2025-06-12,2922,29406,36,59,2025-08-10
CMP1219,YouTube,Mid-tier,Sponsored Post,2025-06-10,5050,93080,116,29,2025-07-09
CMP1220,Instagram,Mid-tier,Product Launch,2026-02-02,6211,66261,170,43,2026-03-17
CMP1221,Instagram,Mega,Sponsored Post,2025-10-04,32794,572928,601,59,2025-12-02
CMP1222,Instagram,Micro,Brand Awareness,2026-05-19,2668,27679,42,43,2026-07-01
CMP1223,Instagram,Mid-tier,Brand Awareness,2026-01-27,5729,79785,89,16,2026-02-12
CMP1224,YouTube,Macro,Brand Awareness,2025-05-15,6694,195087,142,16,2025-05-31
CMP1225,Instagram,Mid-tier,Brand Awareness,2025-07-14,4840,65200,78,25,2025-08-08
CMP1226,Instagram,Mega,Brand Awareness,2026-02-05,26950,528763,634,23,2026-02-28
CMP1227,Instagram,Macro,Brand Awareness,2025-02-02,9727,171294,190,27,2025-03-01
CMP1228,YouTube,Mid-tier,Giveaway,2026-04-05,6393,100832,90,20,2026-04-25
CMP1229,Instagram,Macro,Giveaway,2026-04-15,16938,176743,230,15,2026-04-30
CMP1230,YouTube,Mega,Brand Awareness,2026-01-10,23309,766244,536,52,2026-03-03
CMP1231,Instagram,Mega,Giveaway,2025-01-22,29396,413188,338,7,2025-01-29
CMP1232,YouTube,Macro,Product Launch,2025-02-07,9988,284619,294,57,2025-04-05
CMP1233,YouTube,Macro,Product Launch,2025-08-18,14559,321105,369,51,2025-10-08
CMP1234,YouTube,Micro,Sponsored Post,2025-12-31,1190,24216,30,19,2026-01-19
CMP1235,YouTube,Micro,Brand Awareness,2026-03-14,1353,23176,25,10,2026-03-24
CMP1236,Instagram,Mid-tier,Product Launch,2025-10-10,5760,64949,183,7,2025-10-17
CMP1237,Instagram,Micro,Product Launch,2025-01-27,2859,31283,70,55,2025-03-23
CMP1238,Instagram,Mid-tier,Product Launch,2025-08-14,7730,84336,264,46,2025-09-29
CMP1239,Instagram,Micro,Sponsored Post,2025-10-04,2286,20930,36,38,2025-11-11
CMP1240,Instagram,Micro,Brand Awareness,2025-10-11,2085,22339,45,40,2025-11-20
CMP1241,YouTube,Macro,Sponsored Post,2026-04-26,11485,275688,221,34,2026-05-30
CMP1242,Instagram,Mega,Brand Awareness,2026-03-29,23877,580735,477,37,2026-05-05
CMP1243,Instagram,Micro,Brand Awareness,2026-05-31,1806,17291,26,14,2026-06-14
CMP1244,YouTube,Mid-tier,Brand Awareness,2025-07-11,3836,91648,53,45,2025-08-25
CMP1245,Instagram,Macro,Giveaway,2025-02-18,21669,212057,330,32,2025-03-22
CMP1246,YouTube,Micro,Product Launch,2026-05-27,2045,33901,51,40,2026-07-06
CMP1247,YouTube,Macro,Sponsored Post,2025-01-17,10720,238704,222,60,2025-03-18
CMP1248,YouTube,Mid-tier,Sponsored Post,2025-06-21,7025,121307,111,60,2025-08-20
CMP1249,YouTube,Micro,Brand Awareness,2025-08-08,1265,22543,22,9,2025-08-17
CMP1250,YouTube,Mega,Sponsored Post,2025-06-07,33803,949956,873,56,2025-08-02
CMP1251,YouTube,Micro,Sponsored Post,2026-04-22,1580,28451,30,18,2026-05-10
CMP1252,YouTube,Macro,Giveaway,2025-02-15,11193,216956,180,7,2025-02-22
CMP1253,Instagram,Macro,Product Launch,2026-01-08,21277,276467,673,60,2026-03-09
CMP1254,Instagram,Micro,Brand Awareness,2026-06-02,1913,23206,37,50,2026-07-22
CMP1255,Instagram,Macro,Brand Awareness,2025-04-09,18258,222611,220,11,2025-04-20
CMP1256,Instagram,Mega,Product Launch,2025-02-06,20105,381657,722,36,2025-03-14
CMP1257,YouTube,Micro,Product Launch,2025-10-07,2586,36322,62,36,2025-11-12
CMP1258,YouTube,Macro,Sponsored Post,2025-12-15,11365,262932,243,23,2026-01-07
CMP1259,YouTube,Mid-tier,Product Launch,2026-05-12,5975,104653,159,54,2026-07-05
CMP1260,Instagram,Mid-tier,Giveaway,2025-10-29,13224,99575,174,53,2025-12-21
CMP1261,YouTube,Mid-tier,Sponsored Post,2025-06-30,4523,87966,100,29,2025-07-29
CMP1262,YouTube,Micro,Sponsored Post,2025-04-09,1297,25126,23,21,2025-04-30
CMP1263,YouTube,Mega,Product Launch,2025-04-26,27625,733453,865,43,2025-06-08
CMP1264,YouTube,Mega,Sponsored Post,2025-07-10,15809,499847,442,27,2025-08-06
CMP1265,YouTube,Mid-tier,Product Launch,2025-09-10,4855,82191,94,20,2025-09-30
CMP1266,Instagram,Macro,Product Launch,2025-06-10,12436,148771,342,8,2025-06-18
CMP1267,YouTube,Mid-tier,Giveaway,2025-09-13,4650,78325,50,17,2025-09-30
CMP1268,Instagram,Mid-tier,Brand Awareness,2025-11-19,8685,99033,118,57,2026-01-15
CMP1269,Instagram,Mid-tier,Brand Awareness,2025-05-08,5625,76645,90,45,2025-06-22
CMP1270,YouTube,Mid-tier,Brand Awareness,2025-01-18,4904,101817,91,44,2025-03-03
CMP1271,Instagram,Mid-tier,Product Launch,2025-11-19,7471,74847,297,40,2025-12-29
CMP1272,YouTube,Macro,Product Launch,2025-10-15,16762,352693,461,44,2025-11-28
CMP1273,Instagram,Mid-tier,Brand Awareness,2025-06-04,7258,97001,119,56,2025-07-30
CMP1274,YouTube,Micro,Sponsored Post,2026-05-05,1816,34473,41,40,2026-06-14
CMP1275,Instagram,Micro,Giveaway,2026-01-21,3141,25719,24,24,2026-02-14
CMP1276,YouTube,Mid-tier,Brand Awareness,2025-04-14,4883,89091,60,36,2025-05-20
CMP1277,YouTube,Macro,Brand Awareness,2026-01-28,8829,267024,93,21,2026-02-18
CMP1278,Instagram,Mid-tier,Product Launch,2025-09-03,6787,81033,175,33,2025-10-06
CMP1279,Instagram,Mid-tier,Product Launch,2025-06-25,5784,69489,160,57,2025-08-21
CMP1280,YouTube,Mid-tier,Sponsored Post,2025-02-08,3954,78502,100,40,2025-03-20
CMP1281,Instagram,Mid-tier,Product Launch,2026-04-22,6278,84739,102,58,2026-06-19
CMP1282,Instagram,Micro,Product Launch,2026-06-22,1877,21691,55,44,2026-08-05
CMP1283,Instagram,Mid-tier,Giveaway,2026-02-12,8356,77662,124,39,2026-03-23
CMP1284,Instagram,Macro,Giveaway,2026-06-09,12967,170912,199,30,2026-07-09
CMP1285,YouTube,Macro,Giveaway,2026-05-21,10653,231080,184,21,2026-06-11
CMP1286,YouTube,Mid-tier,Product Launch,2025-02-05,5577,120687,156,36,2025-03-13
CMP1287,Instagram,Micro,Product Launch,2025-01-20,2630,28144,89,48,2025-03-09
CMP1288,Instagram,Micro,Product Launch,2025-11-17,3316,28843,69,57,2026-01-13
CMP1289,YouTube,Micro,Product Launch,2026-05-27,2160,30493,45,23,2026-06-19
CMP1290,Instagram,Mid-tier,Giveaway,2026-02-04,7699,55323,67,11,2026-02-15
CMP1291,Instagram,Micro,Sponsored Post,2026-04-16,3385,29009,83,35,2026-05-21
CMP1292,YouTube,Mid-tier,Giveaway,2025-05-23,6121,83101,76,10,2025-06-02
CMP1293,YouTube,Mid-tier,Sponsored Post,2025-04-02,4627,82460,95,16,2025-04-18
CMP1294,YouTube,Micro,Brand Awareness,2025-12-20,1548,29419,20,23,2026-01-12
CMP1295,YouTube,Mid-tier,Giveaway,2025-02-20,7756,108721,75,16,2025-03-08
CMP1296,Instagram,Micro,Brand Awareness,2025-07-09,2856,26431,48,23,2025-08-01
CMP1297,YouTube,Mid-tier,Brand Awareness,2025-05-05,5821,121944,81,26,2025-05-31
CMP1298,Instagram,Micro,Brand Awareness,2025-05-30,2635,26564,36,30,2025-06-29
CMP1299,Instagram,Macro,Product Launch,2025-11-10,8622,129817,257,11,2025-11-21
CMP1300,Instagram,Micro,Brand Awareness,2025-12-08,2011,25523,30,40,2026-01-17
CMP1301,Instagram,Mega,Sponsored Post,2025-11-01,16846,299806,348,12,2025-11-13
CMP1302,YouTube,Mid-tier,Product Launch,2025-02-23,7198,127351,147,59,2025-04-23
CMP1303,Instagram,Macro,Product Launch,2026-03-20,12790,184007,451,8,2026-03-28
CMP1304,Instagram,Mid-tier,Brand Awareness,2025-09-21,5777,57966,122,19,2025-10-10
CMP1305,Instagram,Macro,Sponsored Post,2025-02-22,14715,213212,345,49,2025-04-12
CMP1306,Instagram,Macro,Giveaway,2025-01-05,20944,243869,303,49,2025-02-23
CMP1307,YouTube,Mid-tier,Giveaway,2025-04-13,6241,91581,82,54,2025-06-06
CMP1308,Instagram,Mid-tier,Product Launch,2025-07-15,4888,52731,165,17,2025-08-01
CMP1309,YouTube,Mid-tier,Giveaway,2025-12-16,9496,138719,96,57,2026-02-11
CMP1310,Instagram,Mid-tier,Brand Awareness,2025-02-16,5514,91631,131,53,2025-04-10
CMP1311,Instagram,Micro,Sponsored Post,2025-09-26,2420,22097,47,29,2025-10-25
CMP1312,YouTube,Mid-tier,Giveaway,2026-01-05,4977,63373,64,22,2026-01-27
CMP1313,Instagram,Mid-tier,Product Launch,2025-04-16,9933,90251,340,37,2025-05-23
CMP1314,YouTube,Mid-tier,Product Launch,2025-04-30,4259,73709,72,17,2025-05-17
CMP1315,Instagram,Macro,Product Launch,2025-02-27,27491,334809,824,60,2025-04-28
CMP1316,Instagram,Mid-tier,Brand Awareness,2025-12-12,5326,79078,95,22,2026-01-03
CMP1317,YouTube,Mega,Product Launch,2026-04-19,18405,457639,527,14,2026-05-03
CMP1318,Instagram,Micro,Giveaway,2025-04-27,2333,17852,32,10,2025-05-07
CMP1319,Instagram,Mid-tier,Brand Awareness,2025-05-07,7769,108876,155,46,2025-06-22
CMP1320,YouTube,Mid-tier,Product Launch,2026-01-28,4685,75962,121,10,2026-02-07
CMP1321,Instagram,Mid-tier,Product Launch,2025-02-27,7151,69262,239,31,2025-03-30
CMP1322,YouTube,Macro,Product Launch,2026-05-28,9540,208671,258,9,2026-06-06
CMP1323,Instagram,Micro,Sponsored Post,2025-04-06,2382,24036,44,38,2025-05-14
CMP1324,YouTube,Macro,Product Launch,2025-04-28,8474,215762,240,9,2025-05-07
CMP1325,YouTube,Mid-tier,Giveaway,2026-05-03,7360,94811,96,33,2026-06-05
CMP1326,YouTube,Mid-tier,Sponsored Post,2025-08-25,4866,111300,121,35,2025-09-29
CMP1327,YouTube,Mid-tier,Giveaway,2025-09-29,5698,93877,77,38,2025-11-06
CMP1328,Instagram,Mid-tier,Sponsored Post,2025-07-08,6565,78941,187,56,2025-09-02
CMP1329,YouTube,Mid-tier,Brand Awareness,2026-03-23,5699,109310,94,57,2026-05-19
CMP1330,Instagram,Mid-tier,Sponsored Post,2025-09-04,6369,67438,167,25,2025-09-29
CMP1331,Instagram,Micro,Product Launch,2025-03-17,2470,23536,91,27,2025-04-13
CMP1332,Instagram,Mid-tier,Product Launch,2025-06-03,6974,68581,211,11,2025-06-14
CMP1333,Instagram,Micro,Giveaway,2026-03-11,2502,25335,38,24,2026-04-04
CMP1334,Instagram,Mid-tier,Sponsored Post,2025-03-27,6903,92304,134,34,2025-04-30
CMP1335,YouTube,Mid-tier,Sponsored Post,2025-10-12,4243,94282,93,48,2025-11-29
CMP1336,YouTube,Mid-tier,Product Launch,2025-08-08,6289,97563,178,28,2025-09-05
CMP1337,YouTube,Mid-tier,Product Launch,2025-03-10,6113,101618,188,27,2025-04-06
CMP1338,Instagram,Micro,Sponsored Post,2025-02-16,1764,18371,46,12,2025-02-28
CMP1339,YouTube,Mid-tier,Product Launch,2025-04-04,4141,72049,129,7,2025-04-11
CMP1340,Instagram,Micro,Sponsored Post,2026-03-29,1656,14671,36,11,2026-04-09
CMP1341,Instagram,Mid-tier,Sponsored Post,2025-07-23,7947,98501,172,47,2025-09-08
CMP1342,Instagram,Macro,Brand Awareness,2025-08-06,9068,176111,163,18,2025-08-24
CMP1343,Instagram,Micro,Brand Awareness,2026-04-19,2769,28127,48,32,2026-05-21
CMP1344,YouTube,Mid-tier,Brand Awareness,2026-03-08,5376,115331,58,52,2026-04-29
CMP1345,YouTube,Mid-tier,Product Launch,2025-12-07,6153,98736,197,40,2026-01-16
CMP1346,Instagram,Mid-tier,Sponsored Post,2025-10-16,5580,68032,130,55,2025-12-10
CMP1347,Instagram,Micro,Brand Awareness,2025-09-11,1327,17267,21,20,2025-10-01
CMP1348,Instagram,Micro,Sponsored Post,2025-12-23,1438,14576,18,32,2026-01-24
CMP1349,Instagram,Macro,Product Launch,2025-01-23,16657,220034,534,51,2025-03-15
CMP1350,YouTube,Mid-tier,Sponsored Post,2026-06-06,6638,130960,128,33,2026-07-09
CMP1351,Instagram,Micro,Brand Awareness,2025-04-10,1760,16863,24,15,2025-04-25
CMP1352,Instagram,Mid-tier,Product Launch,2025-06-29,3491,44071,99,32,2025-07-31
CMP1353,Instagram,Mid-tier,Product Launch,2025-08-11,9951,103839,313,53,2025-10-03
CMP1354,YouTube,Micro,Giveaway,2026-03-18,2811,41429,30,28,2026-04-15
CMP1355,YouTube,Mid-tier,Giveaway,2025-11-21,5223,117836,80,53,2026-01-13
CMP1356,YouTube,Mid-tier,Sponsored Post,2026-05-31,5066,102998,88,36,2026-07-06
CMP1357,YouTube,Mega,Product Launch,2025-01-16,24745,679169,728,49,2025-03-06
CMP1358,Instagram,Micro,Product Launch,2025-12-02,2401,21148,91,54,2026-01-25
CMP1359,Instagram,Mid-tier,Brand Awareness,2025-09-15,3975,53890,69,23,2025-10-08
CMP1360,YouTube,Mid-tier,Brand Awareness,2026-05-12,3317,90328,61,32,2026-06-13
CMP1361,YouTube,Mid-tier,Brand Awareness,2025-06-09,3863,94988,68,42,2025-07-21
CMP1362,YouTube,Mid-tier,Sponsored Post,2026-04-20,4241,73152,82,7,2026-04-27
CMP1363,YouTube,Mid-tier,Sponsored Post,2026-01-15,4013,90955,82,14,2026-01-29
CMP1364,YouTube,Macro,Sponsored Post,2026-06-29,13785,282274,249,55,2026-08-23
CMP1365,YouTube,Macro,Sponsored Post,2026-03-03,14627,317783,307,41,2026-04-13
CMP1366,YouTube,Mid-tier,Brand Awareness,2025-09-25,4622,105867,71,58,2025-11-22
CMP1367,YouTube,Macro,Brand Awareness,2026-02-21,9233,273746,211,21,2026-03-14
CMP1368,YouTube,Mid-tier,Brand Awareness,2025-06-17,5900,114029,104,53,2025-08-09
CMP1369,YouTube,Mid-tier,Sponsored Post,2025-02-12,4097,85445,61,28,2025-03-12
CMP1370,Instagram,Micro,Product Launch,2025-10-12,1893,22567,45,20,2025-11-01
CMP1371,YouTube,Mega,Brand Awareness,2026-02-01,18986,593549,340,32,2026-03-05
CMP1372,Instagram,Micro,Product Launch,2025-01-12,2856,25803,83,34,2025-02-15
CMP1373,YouTube,Micro,Brand Awareness,2025-10-29,2020,34009,29,29,2025-11-27
CMP1374,YouTube,Micro,Sponsored Post,2025-09-10,1618,27511,35,20,2025-09-30
CMP1375,Instagram,Mid-tier,Sponsored Post,2026-05-14,5392,70377,133,30,2026-06-13
CMP1376,Instagram,Micro,Product Launch,2025-02-04,1980,16182,65,8,2025-02-12
CMP1377,Instagram,Micro,Sponsored Post,2025-03-31,3501,31705,98,51,2025-05-21
CMP1378,Instagram,Micro,Giveaway,2026-02-22,3430,26300,33,32,2026-03-26
CMP1379,YouTube,Micro,Product Launch,2025-04-25,1436,22624,38,20,2025-05-15
CMP1380,Instagram,Mid-tier,Product Launch,2025-07-15,8033,105001,232,57,2025-09-10
CMP1381,Instagram,Macro,Product Launch,2026-05-16,9759,140158,400,13,2026-05-29
CMP1382,Instagram,Mid-tier,Product Launch,2026-05-08,7207,70975,137,9,2026-05-17
CMP1383,YouTube,Mid-tier,Sponsored Post,2025-03-16,5733,124854,72,53,2025-05-08
CMP1384,YouTube,Macro,Brand Awareness,2026-02-17,8146,269721,161,29,2026-03-18
CMP1385,Instagram,Micro,Sponsored Post,2026-01-11,3746,27469,98,52,2026-03-04
CMP1386,Instagram,Micro,Brand Awareness,2026-02-24,2180,31217,44,49,2026-04-14
CMP1387,Instagram,Mega,Product Launch,2025-10-04,54005,690390,1488,53,2025-11-26
CMP1388,YouTube,Mid-tier,Brand Awareness,2026-01-29,5305,121329,109,51,2026-03-21
CMP1389,YouTube,Micro,Product Launch,2026-04-02,1612,25872,32,24,2026-04-26
CMP1390,Instagram,Mid-tier,Brand Awareness,2025-07-11,6070,87636,132,44,2025-08-24
CMP1391,Instagram,Micro,Sponsored Post,2025-04-09,3276,31720,59,41,2025-05-20
CMP1392,Instagram,Mid-tier,Brand Awareness,2025-04-06,7725,125209,131,57,2025-06-02
CMP1393,YouTube,Micro,Giveaway,2025-07-09,1574,27245,22,21,2025-07-30
CMP1394,Instagram,Micro,Product Launch,2025-02-06,3566,28086,81,31,2025-03-09
CMP1395,Instagram,Micro,Product Launch,2026-01-04,3031,32241,121,43,2026-02-16
CMP1396,Instagram,Mega,Product Launch,2026-06-09,29258,440993,897,34,2026-07-13
CMP1397,Instagram,Macro,Giveaway,2025-10-06,17984,229782,262,16,2025-10-22
CMP1398,YouTube,Micro,Product Launch,2025-08-05,1978,28745,61,45,2025-09-19
CMP1399,Instagram,Micro,Brand Awareness,2025-09-30,2727,25941,38,23,2025-10-23
CMP1400,YouTube,Macro,Brand Awareness,2025-03-03,10511,302856,222,45,2025-04-17
